Name,Context,Cleaned,Selective,Selective_Reduced,TF_Based
Backend Developer.docx,"Backend Developer - Python/Django



We are looking for Python/Django developers with 2-4 + years of experience to be part of our growing team. The role is of Python/Django Backend Web Developer who can handle the challenging work of Web applications development using Python / Django framework.

Required Skills:

Strong working knowledge of constructs of HTTP, RESTful APIs and WebSockets.

Build and maintain highly scalable Python processes for the purpose of data collection, manipulation, data pruning, trending and analytics, etc.

Strong understanding of Python and good knowledge of various Python Libraries (NumPy, Pandas, ORM libraries etc.), API's and toolkits

Able to integrate multiple data sources and databases into one system

Working knowledge of web templating engine for python such as Jinja2 etc

Ability to integrate user-facing elements developed by front-end developers with server-side logic.

Ability to integrate data storage solutions and caches.

Understanding of the threading limitations of Python, and multi-process architecture

Understanding of fundamental design principles behind a scalable application

Good understanding of event-driven programming in Python

Good knowledge of PostGRESQL

Able to create database schemas that represent and support business processes

Strong Analytical, Problem Solving & Innovative Skills.

Working knowledge of version control tools (GIT/SVN).

Experience/knowledge of working on the LINUX environment.

Attention to detail, problem-solver with strong analytical skill, good sense of urgency

Ability to carry out tasks without supervision and able to meet tight deadlines

Good Writing & Communication Skills. The candidate should be able to communicate with potential Clients and gather inputs/change requests.

Work with a performance oriented team driven by ownership and open to experiments

Strong interpersonal skills with excellent written and verbal communication

Responsibilities:

Develop back-end components to improve responsiveness and overall performance

Designing and implementing system architecture to handle scale

Coordinate with Frontend Dev team & Creating APIs (w/ DjangoRestFramework)

Integrating of web pages with Backend using templating engines for Python

Build bulletproof API integrations with third party APIs for various use cases

Good to have (Additional Skills):

Relevant full stack experience.

You've worked with core AWS services in the past and have experience with EC2, ELB, AutoScaling, CloudFront, S3

Demonstrable work/project portfolio online.

Working knowledge of front end technologies like Javascript, JQuery, HTML, and CSS

A good sense of design and aesthetics.

Experience/Zeal to work in a fast-paced startup environment.

Candidates who can join immediately will be preferredDevelop very high sense of ownership, the zeal to build scalable applications

Job Type: Full-time

Salary: ₹35,000.00 - ₹55,000.00 per month

Experience:

Django Development: 1 year (Preferred)

total work: 2 years (Preferred)

Education:

Bachelor's (Preferred)

Work Remotely:

Temporarily due to COVID-19",Backend Developer PythonDjango look PythonDjango developer year experience part grow team role PythonDjango Backend Web Developer handle challenge work web application development use Python Django framework Required Skills Strong work knowledge construct HTTP restful api WebSockets Build maintain highly scalable Python process purpose datum collection manipulation datum pruning trend analytic strong understand Python good knowledge various Python Libraries NumPy Pandas ORM librarie api toolkit able integrate multiple datum source database system Working knowledge web templating engine python Jinja2 Ability integrate userface element develop frontend developer serverside logic Ability integrate data storage solution cache understand threading limitation Python multiprocess architecture understand fundamental design principle scalable application good understanding eventdriven programming Python good knowledge PostGRESQL able create database schema represent support business process Strong Analytical Problem solve Innovative Skills Working knowledge version control tool GITSVN Experienceknowledge work LINUX environment Attention detail problemsolver strong analytical skill good sense urgency ability carry task supervision able meet tight deadline Good Writing Communication Skills candidate communicate potential client gather inputschange request work performance orient team drive ownership open experiment strong interpersonal skill excellent write verbal communication responsibility develop backend component improve responsiveness overall performance Designing implement system architecture handle scale Coordinate Frontend Dev team create api w DjangoRestFramework Integrating web page Backend use templating engine Python Build bulletproof api integration third party api various use case good Additional Skills Relevant full stack experience work core AWS service past experience EC2 ELB AutoScaling CloudFront S3 demonstrable workproject portfolio online Working knowledge front end technologie Javascript JQuery HTML css good sense design aesthetic ExperienceZeal work fastpace startup environment candidate join immediately preferreddevelop high sense ownership zeal build scalable application Job Type Fulltime Salary month Experience Django Development year preferred total work year Preferred Education Bachelors Preferred Work remotely temporarily due,able Required verbal source HTML part system design environment sense various userface good principle JQuery ELB datum Libraries front zeal communicate preferred purpose Experienceknowledge orient scalable Experience Preferred Communication workproject technologie templating improve supervision implement strong potential Innovative past year responsibility Work request Javascript GITSVN integration carry stack urgency logic threading LINUX collection Jinja2 construct write scale ExperienceZeal due create storage problemsolver Good api AutoScaling Integrating service Ability fastpace serverside developer web Writing join WebSockets knowledge solution control Strong Fulltime Coordinate eventdriven Python gather cache analytic Working PostGRESQL core interpersonal handle database Pandas performance librarie Relevant Type client highly page demonstrable architecture CloudFront inputschange communication NumPy Attention HTTP Dev Frontend ownership maintain Education temporarily understand aesthetic Additional candidate ability restful integrate trend limitation open css tool analytical w AWS S3 solve drive Designing Salary data process case PythonDjango role Skills month develop meet fundamental excellent support detail challenge represent Problem bulletproof startup element high Web framework deadline full Backend multiple immediately preferreddevelop tight experiment experience Developer pruning use engine Job portfolio application online skill team ORM toolkit task Bachelors look work python programming business third multiprocess remotely manipulation overall development total Django party Analytical grow component understanding version responsiveness frontend backend Build DjangoRestFramework end EC2 schema Development build,source HTML part system design environment principle JQuery ELB datum zeal purpose Experienceknowledge Experience Preferred Communication workproject technologie templating supervision Innovative year responsibility Work Javascript GITSVN integration stack urgency logic LINUX collection Jinja2 write scale ExperienceZeal storage problemsolver api AutoScaling Integrating service Ability fastpace serverside developer web Writing join WebSockets knowledge solution control Strong Fulltime Coordinate eventdriven Python cache Working PostGRESQL core handle database Pandas performance librarie Relevant Type client architecture CloudFront inputschange communication NumPy Attention HTTP Dev Frontend ownership Education candidate ability trend limitation css tool analytical w AWS S3 drive Designing Salary data process case PythonDjango role month support detail challenge Problem bulletproof element Web framework deadline Backend multiple experiment experience Developer pruning use engine Job portfolio application skill team ORM toolkit task python programming business multiprocess manipulation development Django party Analytical component version responsiveness frontend Build DjangoRestFramework end EC2 schema Development,ability able additional aesthetic analytic analytical api application architecture attention autoscaling aws bachelors backend build bulletproof business cache candidate carry case challenge client cloudfront collection communicate communication component construct control coordinate core create css data database datum deadline demonstrable design designing detail dev develop developer development django djangorestframework drive due ec2 education elb element end engine environment eventdriven excellent experience experienceknowledge experiencezeal experiment fastpace framework front frontend full fulltime fundamental gather gitsvn good grow handle high highly html http immediately implement improve innovative inputschange integrate integrating integration interpersonal javascript jinja2 job join jquery knowledge librarie libraries limitation linux logic look maintain manipulation meet month multiple multiprocess numpy online open orient orm overall ownership page pandas part party past performance portfolio postgresql potential preferred preferreddevelop principle problem problemsolver process programming pruning purpose python pythondjango relevant remotely represent request required responsibility responsiveness restful role s3 salary scalable scale schema sense serverside service skill skills solution solve source stack startup storage strong supervision support system task team technologie templating temporarily third threading tight tool toolkit total trend type understand understanding urgency use userface various verbal version web websockets work working workproject write writing year zeal
Billing cum Logistics Manager.docx,"Billing cum Logistics Manager

Job Summary
Urgent requirement of Billing cum Logistics Manager for Ecommerce Company
Locatio - Gurgaon
Company profile : detel-india.com
Responsibilities and Duties
Total Billing Monitor & Controlling
Invoice validation before sending to Customer with Accuracy
E-Commerce Billing, Monthly Fixed and Variable Billing.
Follow up & Clearance from Operation for specific Remarks in PODs (Shortages/Damages Etc)
Deductions booking off
Proper Documentation (Invoices/PODs Etc)
Reconciliation:
POD Reconciliation (Damages/Shortages/Other Remarks) & Resolution
Deductions Reconciliation & Recovery Preparation
Pending POD Controlling & Monitor",billing cum Logistics Manager Job Summary Urgent requirement Billing cum Logistics Manager Ecommerce Company Locatio Gurgaon Company profile detelindiacom Responsibilities Duties Total Billing Monitor control Invoice validation send Customer Accuracy ECommerce Billing monthly Fixed Variable Billing Follow Clearance Operation specific Remarks PODs ShortagesDamages Etc deduction book proper documentation invoicespods Etc Reconciliation POD Reconciliation DamagesShortagesOther Remarks Resolution Deductions Reconciliation Recovery Preparation pende POD Controlling Monitor,detelindiacom Responsibilities Operation Manager Urgent Billing Deductions Customer billing Locatio Total Job control PODs documentation book monthly validation deduction POD Fixed Company Monitor specific DamagesShortagesOther cum Summary Logistics Accuracy invoicespods Clearance proper Invoice Resolution Gurgaon ECommerce profile Follow Remarks pende ShortagesDamages Variable Preparation send Duties Etc Reconciliation Recovery requirement Controlling Ecommerce,detelindiacom Operation Manager Urgent Billing Customer billing Locatio Total Job control documentation book validation deduction POD Fixed Company DamagesShortagesOther cum Summary Logistics Accuracy Clearance Invoice Resolution Gurgaon ECommerce Follow ShortagesDamages Variable Preparation Etc Reconciliation Recovery requirement Controlling Ecommerce,accuracy billing book clearance company control controlling cum customer damagesshortagesother deduction deductions detelindiacom documentation duties ecommerce etc fixed follow gurgaon invoice invoicespods job locatio logistics manager monitor monthly operation pende pod pods preparation profile proper reconciliation recovery remarks requirement resolution responsibilities send shortagesdamages specific summary total urgent validation variable
Data Scientist.docx,"Data Scientist/ ML Engineer

Game Change Solutions

-

Gurgaon, Haryana

Temporarily remote

₹20,00,000 - ₹25,00,000 a year

We are looking for a data scientist that will help us discover the information hidden in vast amounts of data and help us make smarter decisions to deliver even better products. Your primary focus will be in applying data mining techniques, doing statistical analysis, and building high quality prediction systems integrated with our products. Data Scientist at GameChange must be an energetic self-starter who can quickly grasp the company’s vision, develop specific tactical plans, and begin implementation upon appropriate approvals. The candidate must be resourceful and able to deliver on a plan defined.

Responsibilities –

Data Crunching and data massaging on structured and unstructured data including Numerical, Text,

Audio and Video data

Implementation/fine-tuning of machine learning algorithms

Conducting Data science/machine learning experiments and presenting insights

Building innovative data products using cutting edge tools and technologies

Conduct data analysis independently or with limited supervision to generate business insights

Conduct diagnostic on the data to identify the improvement opportunities, design data-backed

performance improvement strategy, liaise with internal teams

Record keeping and data warehousing to enable Advanced Analytics operations for generating

meaningful business insights

Develop high quality client deliverables such as R models, Python scripts etc.

Skills required -

Excellent understanding of machine learning techniques and algorithms, such as k-NN, Naive Bayes,

SVM, Decision Forests, CNN, RNN, LSTM etc.

Experience with common data science toolkits, such as R, Weka, NumPy, OpenCV, MatLab, etc.

Great communication skills

Experience with data visualisation tools, such as D3.js, GGplot, etc.

Proficiency in using query languages such as SQL, Hive, Pig

Experience with NoSQL databases, such as MongoDB, Cassandra, HBase

Good applied statistics skills, such as distributions, statistical testing, regression, etc.

Good scripting and programming skills

Job Type: Full-time

Salary: ₹2,000,000.00 - ₹2,500,000.00 per year

Experience:

Data Science: 2 years (Preferred)

work: 1 year (Preferred)

Education:

Bachelor's (Preferred)",Data Scientist ML Engineer Game Change Solutions Gurgaon Haryana temporarily remote year look datum scientist help discover information hide vast amount datum help make smart decision deliver even well product primary focus apply datum mining technique statistical analysis build high quality prediction system integrate product Data Scientist GameChange energetic selfstarter quickly grasp company vision develop specific tactical plan begin implementation appropriate approval candidate resourceful able deliver plan define responsibility Data Crunching datum massage structure unstructured datum include Numerical Text Audio Video datum implementationfinetune machine learning algorithm Conducting Data sciencemachine learn experiment present insight build innovative data product use cut edge tool technology Conduct datum analysis independently limited supervision generate business insight conduct diagnostic datum identify improvement opportunity design databacked performance improvement strategy liaise internal team record keep datum warehousing enable Advanced Analytics operation generate meaningful business insight develop high quality client deliverable r model Python script Skills require excellent understand machine learn technique algorithm kNN Naive Bayes SVM Decision forest CNN RNN LSTM experience common datum science toolkit R Weka NumPy opencv MatLab great communication skill experience datum visualisation tool GGplot Proficiency use query language SQL Hive Pig Experience NoSQL database Cassandra HBase Good apply statistic skill distribution statistical testing regression good scripting programming skill Job Type Fulltime Salary year Experience Data Science year preferred work year Preferred Education Bachelors prefer,cut visualisation science great able warehousing design system sciencemachine distribution r information opencv deliverable good innovative datum deliver quickly learning script Proficiency preferred GameChange Game Crunching Experience Preferred Weka specific structure supervision SVM remote approval ML year responsibility appropriate Haryana well help mining prediction edge Good plan keep technology conduct Hive operation unstructured grasp Fulltime primary Python resourceful Data even RNN Advanced database performance Naive Type client focus kNN internal Analytics forest selfstarter company liaise communication tactical NumPy apply Audio opportunity Pig temporarily Education learn query understand define Science common databacked candidate scripting energetic Conduct integrate vast language Text tool Scientist identify HBase Conducting Bayes prefer massage include machine present CNN Salary data Decision discover Engineer technique testing Skills Change develop algorithm generate excellent smart begin decision model regression Numerical insight limited product high vision record MatLab independently require amount experiment experience scientist diagnostic use statistical Job GGplot skill team SQL toolkit Bachelors look work strategy business programming analysis implementationfinetune implementation enable statistic R Gurgaon NoSQL LSTM Video Solutions make improvement meaningful Cassandra hide build quality,visualisation science design system sciencemachine distribution r information opencv datum script Proficiency GameChange Game Crunching Experience Preferred Weka structure supervision SVM approval ML year responsibility Haryana mining prediction edge plan technology conduct Hive operation grasp Fulltime Python RNN database performance Naive Type client focus internal forest selfstarter company communication Audio opportunity Pig Education query define Science candidate Conduct language Text tool Scientist HBase Bayes massage machine CNN Salary Decision discover Engineer technique testing Change algorithm decision model regression Numerical insight product vision record MatLab amount experiment experience scientist use Job GGplot skill team SQL toolkit work strategy business programming analysis implementationfinetune implementation R Gurgaon NoSQL LSTM Video improvement quality,able advanced algorithm amount analysis analytics apply appropriate approval audio bachelors bayes begin build business candidate cassandra change client cnn common communication company conduct conducting crunching cut data databacked database datum decision define deliver deliverable design develop diagnostic discover distribution edge education enable energetic engineer even excellent experience experiment focus forest fulltime game gamechange generate ggplot good grasp great gurgaon haryana hbase help hide high hive identify implementation implementationfinetune improvement include independently information innovative insight integrate internal job keep knn language learn learning liaise limited look lstm machine make massage matlab meaningful mining ml model naive nosql numerical numpy opencv operation opportunity performance pig plan prediction prefer preferred present primary product proficiency programming python quality query quickly record regression remote require resourceful responsibility rnn salary science sciencemachine scientist script scripting selfstarter skill skills smart solutions specific sql statistic statistical strategy structure supervision svm system tactical team technique technology temporarily testing text tool toolkit type understand unstructured use vast video vision visualisation warehousing weka well work year
Director of Engineering.docx,"Director of Engineering, Google CloudDirector of Engineering, Google Cloud

Minimum qualifications:



Bachelor's degree in Computer Science or equivalent practical experience.

10 years of experience in networking, distributed systems, and programming languages.

10 years of experience managing diverse engineering teams.

Preferred qualifications:



Advanced business or technical degree.

Measurable track record in creating, executing and delivering a technical vision.

In-depth experience operating within and leading cross-functional teams.

Effective product sensibility, with capability to advocate and drive key product innovations or opportunities with the developer community.

Excellent written and verbal communication skills in English with the ability to represent and advocate complex technical concepts.

Demonstrated passion for and thought leadership within networking, programming languages and distributed systems.

About the job

As the Director of Engineering, you will bring your technical and engineering management skills to ensure evolution and success of communication frameworks, including next-generation imperative programming development environments and transformative high-performance RPC systems.



You will manage and grow a team of engineering managers and technical leads, while also managing and driving the vision and strategy for these frameworks. You will partner with technical leaders in your team and in customer teams, such as Search, Ads and Youtube, and drive adoption of new communications frameworks across Google.



Google Cloud provides organizations with leading infrastructure, platform capabilities and industry solutions. We deliver enterprise-grade cloud solutions that leverage Google’s cutting-edge technology to help companies operate more efficiently and adapt to changing needs, giving customers a foundation for the future. Customers in more than 150 countries turn to Google Cloud as their trusted partner to solve their most critical business problems.



Responsibilities

Serve as one of the primary points of contact for key customers at Google, defining product and adoption strategies and executing plans.

Collaborate with developers across Google to drive developer productivity and efficiency of communication stacks.

Track, understand, and interpret key usage and efficiency metrics to understand the current state and to ultimately make impactful data-driven technical and business decisions.

Manage, lead, and grow a team of technical leaders and engineering managers to achieve goals. Work with cross-functional teams to improve developer productivity and efficiency of communications stack.

Create, communicate and advocate a strategy for bringing Google’s innovations to Google Cloud and the rest of the industry.",Director Engineering Google CloudDirector Engineering Google Cloud Minimum qualification Bachelors degree Computer Science equivalent practical experience year experience network distribute system programming language year experience manage diverse engineering team preferred qualification advanced business technical degree measurable track record create execute deliver technical vision Indepth experience operate lead crossfunctional team effective product sensibility capability advocate drive key product innovation opportunitie developer community Excellent write verbal communication skill english ability represent advocate complex technical concept demonstrate passion think leadership network programming language distribute system job Director Engineering bring technical engineering management skill ensure evolution success communication framework include nextgeneration imperative programming development environment transformative highperformance RPC system manage grow team engineering manager technical lead also manage drive vision strategy framework You partner technical leader team customer team Search Ads Youtube drive adoption new communication framework Google Google Cloud provide organization lead infrastructure platform capability industry solution deliver enterprisegrade cloud solution leverage Googles cuttingedge technology help company operate efficiently adapt change need give customer foundation future Customers country turn Google Cloud trust partner solve critical business problem responsibility serve primary point contact key customer Google define product adoption strategy execute plan collaborate developer Google drive developer productivity efficiency communication stack Track understand interpret key usage efficiency metric understand current state ultimately make impactful datadriven technical business decision Manage lead grow team technical leader engineering manager achieve goal work crossfunctional team improve developer productivity efficiency communication stack create communicate advocate strategy bring Googles innovation Google Cloud rest industry,manager technical Google measurable verbal contact system environment advanced adapt infrastructure adoption deliver enterprisegrade need efficiency collaborate communicate preferred key success network leverage cloud trust distribute improve cuttingedge manage year responsibility help stack effective Track write rest interpret create plan technology organization Minimum engineering developer operate capability Excellent solution Customers primary bring give CloudDirector lead qualification RPC degree achieve company communication metric management Engineering sensibility highperformance change think transformative also define efficiently Ads understand Science Computer serve diverse ability language Cloud complex You customer usage solve crossfunctional drive job point include datadriven imperative goal Googles concept Search decision advocate innovation represent product vision new record framework ensure practical provide critical leadership experience evolution ultimately turn passion community opportunitie platform skill team english Bachelors problem work strategy programming business execute demonstrate productivity track future state development Manage partner Director impactful country nextgeneration Indepth Youtube grow foundation equivalent make current leader industry,manager technical Google contact system environment infrastructure adoption enterprisegrade efficiency collaborate success network leverage cloud trust improve cuttingedge manage year responsibility Track write rest interpret plan technology organization Minimum engineering developer capability Excellent solution primary bring CloudDirector lead qualification RPC degree company communication management Engineering sensibility highperformance change transformative Science Computer ability language Cloud complex You customer usage drive job point goal concept Search decision advocate innovation product vision record framework leadership experience evolution passion community opportunitie platform skill team english Bachelors problem work strategy programming business execute demonstrate productivity track state development Manage partner Director country nextgeneration Indepth Youtube foundation equivalent leader industry,ability achieve adapt adoption ads advanced advocate also bachelors bring business capability change cloud clouddirector collaborate communicate communication community company complex computer concept contact country create critical crossfunctional current customer customers cuttingedge datadriven decision define degree deliver demonstrate developer development director distribute diverse drive effective efficiency efficiently engineering english ensure enterprisegrade environment equivalent evolution excellent execute experience foundation framework future give goal google googles grow help highperformance impactful imperative improve include indepth industry infrastructure innovation interpret job key language lead leader leadership leverage make manage management manager measurable metric minimum need network new nextgeneration operate opportunitie organization partner passion plan platform point practical preferred primary problem product productivity programming provide qualification record represent responsibility rest rpc science search sensibility serve skill solution solve stack state strategy success system team technical technology think track transformative trust turn ultimately understand usage verbal vision work write year you youtube
Global Industry Content Manager.docx,"Global Industry Content Manager

Minimum qualifications:

Bachelor's degree or equivalent practical experience

10 years of work experience in product management, product marketing, or equivalent experience in the enterprise software technology industry in Telco

Experience working with global cross-functional teams

Preferred qualifications:

Experience with Cloud solutions, including their application to solving customer business problems

Expertise in cloud technology and/or demonstrated proficiency with cloud messaging and productivity tools

Ability to take complex business challenges and/or solutions and structure them in a way that is simple and meaningful for a specific audience

Comfortable working in a fast growing, dynamic and often ambiguous environment across multiple time zones

Excellent verbal and written communications skills, with awareness of cross-cultural, cross-audience, multimedia and data-driven communications

About the job

Google is developing groundbreaking cloud solutions for companies, leveraging years of experience in building secure, reliable, and scalable cloud technology. With excellent Google differentiation in data analytics and machine learning, security, application development and collaboration software, we’re well on our way -- but we need more people who can help us write and tell that story. If you’re as excited about building what’s next as we are, Google Cloud is the place for you.

As a Global Industry Content Manager, you will be responsible for positioning our solutions in the context of industry-specific challenges faced by customers and empowering our sellers to have business value conversations. You will partner closely with the Global Solutions Leadership Team and Sales Enablement to develop content to support Google Cloud’s industry solutions roadmap and roll out industry-specific enablement programs to field sellers.

In this role, you will ensure sellers are equipped to speak the language of their customers, be focused on the business outcomes of the customer base and have the highest priority at executive levels. A pivot to Industry Solutions and Value Selling is a key focus for Google Cloud and you will play a critical role in this journey.

Google Cloud provides organizations with leading infrastructure, platform capabilities and industry solutions. We deliver enterprise-grade cloud solutions that leverage Google’s cutting-edge technology to help companies operate more efficiently and adapt to changing needs, giving customers a foundation for the future. Customers in more than 150 countries turn to Google Cloud as their trusted partner to solve their most critical business problems.

Responsibilities

Partner with Global Industry Solutions Leaders and Value Engineering to define an Industry Bill of Materials based on industry solutions roadmap.

Develop customer-facing content, positioning the value of Google Cloud to solve industry-specific challenges.

Deliver industry news, insights and implications to shape industry narratives and educate vertical communities.

Collaborate with Sales and Partner Enablement teams to activate and train sellers and partners on industry content across a variety of channels (e-learning modules, in-person training).

Manage industry portals to deliver content and industry community engagement for sellers and external partners.",Global Industry Content Manager Minimum qualification Bachelors degree equivalent practical experience year work experience product management product marketing equivalent experience enterprise software technology industry Telco Experience work global crossfunctional team preferred qualification Experience Cloud solution include application solve customer business problem Expertise cloud technology andor demonstrate proficiency cloud message productivity tool ability take complex business challenge andor solution structure way simple meaningful specific audience Comfortable work fast grow dynamic often ambiguous environment multiple time zone Excellent verbal write communication skill awareness crosscultural crossaudience multimedia datadriven communication job Google develop groundbreake cloud solution company leverage year experience build secure reliable scalable cloud technology excellent Google differentiation data analytic machine learn security application development collaboration software well way need people help write tell story re excited build s next Google Cloud place Global Industry Content Manager responsible positioning solution context industryspecific challenge face customer empower seller business value conversation partner closely Global Solutions Leadership Team Sales Enablement develop content support Google Clouds industry solution roadmap roll industryspecific enablement program field seller role ensure seller equip speak language customer focus business outcome customer base high priority executive level pivot Industry Solutions Value sell key focus Google Cloud play critical role journey Google Cloud provide organization lead infrastructure platform capability industry solution deliver enterprisegrade cloud solution leverage Googles cuttingedge technology help company operate efficiently adapt change need give customer foundation future Customers country turn Google Cloud trust partner solve critical business problem Responsibilities Partner Global Industry Solutions Leaders Value Engineering define Industry Bill Materials base industry solution roadmap develop customerfacing content positioning value Google Cloud solve industryspecific challenge Deliver industry news insight implication shape industry narrative educate vertical community Collaborate Sales Partner Enablement team activate train seller partner industry content variety channel elearne module inperson training Manage industry portal deliver content industry community engagement seller external partner,Responsibilities story Manager Google verbal journey environment responsible seller adapt inperson customerfacing simple infrastructure tell channel vertical enterprisegrade deliver need Value global preferred Sales key leverage cloud trust Experience scalable audience specific structure cuttingedge Global sell year well positioning help activate write message module dynamic train news engagement technology organization priority Minimum fast Excellent solution often capability operate Customers way elearne value proficiency Comfortable give analytic Industry ambiguous lead qualification reliable degree focus portal empower company time communication management zone external Engineering Materials change crossaudience learn security executive Collaborate collaboration excited face field efficiently define Partner software ability take language Cloud tool Telco customer complex solve crossfunctional base variety re groundbreake job place speak next include awareness machine level datadriven context industryspecific Deliver data Googles role andor develop pivot multimedia Team shape excellent support content challenge enterprise insight equip product high people training ensure practical provide multiple critical marketing enablement Leaders experience turn narrative outcome closely crosscultural community Expertise platform application skill team roll play Bachelors problem work program business demonstrate productivity secure future development Clouds Manage partner Content differentiation educate country Bill roadmap Leadership s grow Enablement foundation Solutions conversation equivalent meaningful implication industry build,story Manager Google journey environment seller adapt inperson infrastructure tell channel enterprisegrade deliver Value Sales leverage cloud trust Experience audience structure cuttingedge Global sell year help message module train news engagement technology organization priority Minimum Excellent solution capability way value proficiency Comfortable Industry lead qualification degree focus empower company time communication management zone external Engineering change crossaudience security executive Collaborate collaboration face field Partner software ability language Cloud tool Telco customer complex base variety job place awareness machine level context Deliver Googles role andor multimedia Team shape support content challenge enterprise insight equip product training marketing enablement experience narrative community Expertise platform application skill team roll play problem work program business productivity development Manage partner Content differentiation educate country Bill roadmap Leadership Enablement foundation conversation implication industry,ability activate adapt ambiguous analytic andor application audience awareness bachelors base bill build business capability challenge change channel closely cloud clouds collaborate collaboration comfortable communication community company complex content context conversation country critical crossaudience crosscultural crossfunctional customer customerfacing customers cuttingedge data datadriven define degree deliver demonstrate develop development differentiation dynamic educate efficiently elearne empower enablement engagement engineering ensure enterprise enterprisegrade environment equip equivalent excellent excited executive experience expertise external face fast field focus foundation future give global google googles groundbreake grow help high implication include industry industryspecific infrastructure inperson insight job journey key language lead leaders leadership learn level leverage machine manage management manager marketing materials meaningful message minimum module multimedia multiple narrative need news next often operate organization outcome partner people pivot place platform play portal positioning practical preferred priority problem product productivity proficiency program provide qualification re reliable responsibilities responsible roadmap role roll sales scalable secure security sell seller shape simple skill software solution solutions solve speak specific story structure support take team technology telco tell time tool train training trust turn value variety verbal vertical way well work write year zone
HTML Developer.docx,"HTML Developer

Slidesigma India LLC is a web design and development company based in South Delhi. Due to the active COVID-19 crisis, we are working remotely. We are looking for an HTML developer with up to 3 years of experience. You are expected to work full-time and will be collaborating with our team and supervisors virtually.

Years of Experience:

3 years experience

Language:

Must speak English well

Duties and Requirements

- Writes flawless code

- Proficient with HTML, HTML5, CSS and CSS3

- Converting PSD to HTML

- Other basic duties and research as required

Working days and times:

Monday - Saturday, 10:00 a.m. - 6:00 p.m.

Contract length: 12 months

Job Types: Full-time, Contract

Salary: Up to ₹17,000.00 per month

Experience:

CSS/CSS3: 3 years (Required)

work: 3 years (Required)

total work: 3 years (Required)

Education:

Bachelor's (Required)

Language:

English (Preferred)

Programming Languages needed:

CSS (Required)",HTML Developer Slidesigma India LLC web design development company base South Delhi active crisis work remotely look HTML developer year experience expect work fulltime collaborate team supervisor virtually Years experience year experience Language speak English well Duties Requirements write flawless code Proficient HTML HTML5 css CSS3 convert psd html other basic duty research require Working day time Monday Saturday pm Contract length month Job Types Fulltime Contract Salary month experience CSSCSS3 year require work year require total work year Required Education Bachelors Required Language English Preferred Programming Languages need CSS Required,experience Years Required Developer active HTML web design developer flawless expect css other duty basic Job Fulltime base CSSCSS3 need team South collaborate India speak html LLC look work pm Types Bachelors Working Salary Preferred length remotely virtually month Language convert development year English total CSS research Programming well Delhi Contract supervisor company CSS3 crisis day time Slidesigma Languages code HTML5 Proficient Requirements Duties Saturday fulltime psd write Education require Monday,experience Required Developer HTML web design developer flawless duty Job Fulltime base CSSCSS3 need team South collaborate India LLC work pm Types Working Salary Preferred length month Language convert development year English CSS research Programming well Delhi Contract supervisor company CSS3 crisis day time Slidesigma Languages code HTML5 Proficient Saturday fulltime psd Education Monday,active bachelors base basic code collaborate company contract convert crisis css css3 csscss3 day delhi design developer development duties duty education english expect experience flawless fulltime html html5 india job language languages length llc look monday month need other pm preferred proficient programming psd remotely require required requirements research salary saturday slidesigma south speak supervisor team time total types virtually web well work working write year years
IT Project Manager.docx,"IT Project Manager

Roles and Responsibilities

Accomplishes information technology staff results by communicating job expectations; planning, monitoring, and appraising job results; coaching, counseling, and disciplining employees; initiating, coordinating, and enforcing systems, policies, and procedures.

Maintains staff by recruiting, selecting, orienting, and training employees; maintaining a safe and secure work environment; developing personal growth opportunities.

Maintains organization's effectiveness and efficiency by defining, delivering, and supporting strategic plans for implementing information technologies.

Directs technological research by studying organization goals, strategies, practices, and user projects.

Completes projects by coordinating resources and timetables with user departments and data center.

Verifies application results by conducting system audits of technologies implemented.

Preserves assets by implementing disaster recovery and back-up procedures and information security and control structures.

Recommends information technology strategies, policies, and procedures by evaluating organization outcomes; identifying problems; evaluating trends; anticipating requirements.

Accomplishes financial objectives by forecasting requirements; preparing an annual budget; scheduling expenditures; analyzing variances; initiating corrective action.

Maintains quality service by establishing and enforcing organization standards.

Maintains professional and technical knowledge by attending educational workshops; reviewing professional publications; establishing personal networks; benchmarking state-of-the-art practices; participating in professional societies.

Contributes to team effort by accomplishing related results as needed.

Desired Candidate Profile

Qualification:

B.e/B.tech/MCA/Msc/M.e-IT/Computer science

Experience: Minimum 1 year as project manager",IT Project Manager Roles Responsibilities accomplish information technology staff result communicate job expectation plan monitoring appraise job result coach counsel discipline employee initiate coordinate enforce system policy procedure Maintains staff recruit select orienting training employee maintain safe secure work environment develop personal growth opportunity maintain organization effectiveness efficiency define deliver support strategic plan implement information technology direct technological research study organization goal strategy practice user project Completes project coordinate resource timetable user departments data center Verifies application result conduct system audits technology implement Preserves asset implement disaster recovery backup procedure information security control structure recommend information technology strategy policy procedure evaluate organization outcome identify problem evaluate trend anticipate requirement accomplish financial objective forecasting requirement prepare annual budget scheduling expenditure analyze variance initiate corrective action maintain quality service establish enforce organization standard maintain professional technical knowledge attend educational workshop review professional publication establish personal network benchmarke stateoftheart practice participate professional society contribute team effort accomplish related result need desire Candidate Profile Qualification BeBtechMCAMscMeITComputer science experience Minimum year project manager,manager Responsibilities standard technical science Manager technological Candidate evaluate system environment desire information analyze deliver Preserves policy efficiency need communicate network select Roles practice structure implement year expectation enforce effort coach procedure result plan technology organization objective service Minimum conduct Verifies knowledge control Maintains budget strategic appraise orienting timetable resource center action society audits backup personal monitoring discipline opportunity workshop maintain requirement security define recruit corrective direct Completes anticipate trend growth Profile identify job recommend financial related counsel annual coordinate goal data user Project develop establish support publication accomplish review training expenditure recovery variance scheduling effectiveness experience outcome initiate IT forecasting study employee application team problem work strategy departments contribute participate BeBtechMCAMscMeITComputer secure benchmarke prepare research project safe stateoftheart educational Qualification asset professional disaster staff attend quality,manager science Manager Candidate evaluate system environment desire information analyze deliver Preserves policy efficiency network practice structure year expectation enforce effort coach procedure result plan technology organization objective service conduct knowledge control budget timetable resource center action society audits backup monitoring discipline opportunity workshop requirement security define recruit trend growth Profile job counsel coordinate goal user Project support publication review training expenditure recovery variance scheduling effectiveness experience outcome IT forecasting study employee application team problem work strategy benchmarke research project Qualification asset disaster staff quality,accomplish action analyze annual anticipate application appraise asset attend audits backup bebtechmcamscmeitcomputer benchmarke budget candidate center coach communicate completes conduct contribute control coordinate corrective counsel data define deliver departments desire develop direct disaster discipline educational effectiveness efficiency effort employee enforce environment establish evaluate expectation expenditure experience financial forecasting goal growth identify implement information initiate it job knowledge maintain maintains manager minimum monitoring need network objective opportunity organization orienting outcome participate personal plan policy practice prepare preserves problem procedure professional profile project publication qualification quality recommend recovery recruit related requirement research resource responsibilities result review roles safe scheduling science secure security select service society staff standard stateoftheart strategic strategy structure study support system team technical technological technology timetable training trend user variance verifies work workshop year
Lead Technical Program Manager.docx,"Lead Technical Program Manager, Site Reliability Engineering

Minimum qualifications:



Bachelor's degree in Computer Science, a related technical field or equivalent practical experience.

Experience managing end-to-end lifecycle of technical projects.

Experience with Unix/Linux systems with scripting experience in Shell, Perl or Python.

Experience in one or more of the following: C, C++, Java, Python.

Preferred qualifications:



Program management or technical management experience leading large-scale, cross-functional, and dynamic technical projects.

Software engineering management or project management expertise.

Ability to define strategic goals and organize a team and their services around delivering on those goals.

Leadership skills and a passion for growing and building an effective TPM function within an SRE organization.

Excellent communication skills, with ability to articulate your thoughts clearly and communicate across a wide variety of functions (SRE, Engineering) and levels.

About the job

Google's projects, like our users, span the globe and require managers to keep the big picture in focus while being able to dive into the unique engineering challenges we face daily. As a Technical Program Manager at Google, you lead complex, multi-disciplinary engineering projects using your engineering expertise. You plan requirements with internal customers and usher projects through the entire project lifecycle. This includes managing project schedules, identifying risks and clearly communicating them to project stakeholders. You're equally at home explaining your team's analyses and recommendations to executives as you are discussing the technical trade-offs in product development with engineers.



In this role you will manage a group of Technical Program Managers (TPMs) working across a multitude of product groups who manage complex programs. The TPM role in SRE is at the core of preparing for the continued exponential growth of Google and other programs in Technical Infrastructure. TPMs play a pivotal role in ensuring that Google services/infrastructure are carefully planned and deployed in a time, place, and configuration which is ideal for serving Google's users. Your role sits at a nexus of capacity planning, technical project execution, product planning, site reliability and software engineering.



Your leadership abilities will be drawn upon to assist the TPM function in delivering large, highly complex and cross-functional programs. You will be equally at home explaining analyses and project recommendations to executives as you are discussing the technical merits of next-generation architectures with engineers, or building tools to automate and scale their impact.



Behind everything our users see online is the architecture built by the Technical Infrastructure team to keep it running. From developing and maintaining our data centers to building the next generation of Google platforms, we make Google's product portfolio possible. We're proud to be our engineers' engineers and love voiding warranties by taking things apart so we can rebuild them. We keep our networks up and running, ensuring our users have the best and fastest experience possible.



Responsibilities

Manage a team of TPMs working across all core networking groups and assist where necessary to ensure successful delivery of multiple programs concurrently. 

Assist Director on operational management of Product Area.

Collaborate with SRE leadership in key program decision making - including scope definition, requirements gathering, staffing, planning and execution of programs. 

Work with cross-functional partners and manage the intake of work into teams in a process and scalable driven fashion. 

Be responsible for the people and career development of TPMs and working to identify opportunities for exciting career challenges. Ensure there is flexibility and mobility opportunities also.",Lead Technical Program Manager Site Reliability Engineering Minimum qualification Bachelors degree Computer Science relate technical field equivalent practical experience experience manage endtoend lifecycle technical project Experience UnixLinux system scripting experience Shell Perl Python experience follow C C Java Python Preferred qualification Program management technical management experience lead largescale crossfunctional dynamic technical project Software engineering management project management expertise ability define strategic goal organize team service deliver goal Leadership skill passion grow building effective TPM function SRE organization Excellent communication skill ability articulate thought clearly communicate wide variety function SRE Engineering level job Googles project user span globe require manager keep big picture focus able dive unique engineering challenge face daily Technical Program Manager Google lead complex multidisciplinary engineering project use engineering expertise plan requirement internal customer usher project entire project lifecycle include manage project schedule identify risk clearly communicate project stakeholder re equally home explain team analyse recommendation executive discuss technical tradeoff product development engineer role manage group Technical Program Managers tpm work multitude product group manage complex program TPM role SRE core prepare continue exponential growth Google program Technical Infrastructure tpm play pivotal role ensure Google servicesinfrastructure carefully plan deploy time place configuration ideal serve Googles user role sit nexus capacity plan technical project execution product planning site reliability software engineering leadership ability draw assist TPM function deliver large highly complex crossfunctional program equally home explain analyses project recommendation executive discuss technical merit nextgeneration architecture engineer build tool automate scale impact user see online architecture build Technical Infrastructure team keep run develop maintain data center build next generation Google platform make Googles product portfolio possible proud engineer engineer love void warranty take thing apart rebuild keep network run ensure user well fast experience possible Responsibilities Manage team tpm work core networking group assist necessary ensure successful delivery multiple program concurrently assist Director operational management Product Area Collaborate SRE leadership key program decision making include scope definition requirement gather staffing planning execution program work crossfunctional partner manage intake work team process scalable drive fashion responsible people career development tpm work identify opportunity exciting career challenge ensure flexibility mobility opportunity also,manager Shell Responsibilities technical lifecycle Manager able Google Product system function recommendation expertise responsible deliver warranty communicate key network fashion carefully deploy Experience Preferred scalable daily flexibility group merit generation manage well picture delivery void equally SRE discuss configuration pivotal effective impact scope scale Managers follow UnixLinux dynamic networking plan keep service organization successful Minimum fast engineering thing draw Excellent execution career engineer organize strategic Python Perl gather core Software definition sit lead qualification site exponential assist Area degree focus highly dive schedule internal stakeholder capacity rebuild mobility architecture center reliability time communication management risk Engineering unique opportunity planning maintain Java requirement executive Collaborate face field define entire also Science Computer serve scripting software servicesinfrastructure ability take complex growth customer tool variety crossfunctional Infrastructure identify re Reliability job place drive next level include thought data goal process user Googles analyse relate role develop Program challenge nexus decision automate clearly usher multidisciplinary home product people necessary building tpm ensure endtoend intake see making wide practical require multitude multiple operational leadership experience Site passion use largescale explain platform portfolio online staffing skill span team play Bachelors big program work exciting analyses TPM concurrently C development Manage prepare partner continue Director globe nextgeneration large love project run Leadership Technical tradeoff grow apart Lead equivalent make proud articulate possible ideal build,manager Shell lifecycle Manager Google Product system function recommendation expertise deliver warranty network fashion Experience flexibility group merit generation picture delivery void SRE configuration impact scope scale UnixLinux networking plan service organization Minimum engineering thing execution career engineer Python Perl core Software definition qualification site exponential assist Area degree focus schedule stakeholder capacity architecture center reliability time communication management risk Engineering opportunity planning Java requirement executive face field Science Computer scripting software servicesinfrastructure ability growth customer tool variety Infrastructure Reliability job place level goal process user Googles analyse role Program challenge nexus decision automate home product building tpm ensure intake see require multitude leadership experience Site passion use largescale platform portfolio staffing skill span team Bachelors program work TPM C development Manage partner Director globe nextgeneration love project Leadership Technical tradeoff Lead build,ability able also analyse analyses apart architecture area articulate assist automate bachelors big build building capacity career carefully center challenge clearly collaborate communicate communication complex computer concurrently configuration continue core crossfunctional customer daily data decision define definition degree deliver delivery deploy develop development director discuss dive draw drive dynamic effective endtoend engineer engineering ensure entire equally equivalent excellent exciting execution executive experience expertise explain exponential face fashion fast field flexibility focus follow function gather generation globe goal google googles group grow growth highly home ideal identify impact include infrastructure intake internal java job keep key large largescale lead leadership level lifecycle love maintain make making manage management manager managers merit minimum mobility multidisciplinary multiple multitude necessary network networking next nextgeneration nexus online operational opportunity organization organize partner passion people perl picture pivotal place plan planning platform play portfolio possible practical preferred prepare process product program project proud python qualification re rebuild recommendation relate reliability require requirement responsibilities responsible risk role run scalable scale schedule science scope scripting see serve service servicesinfrastructure shell sit site skill software span sre staffing stakeholder strategic successful system take team technical thing thought time tool tpm tradeoff unique unixlinux use user usher variety void warranty well wide work
Primary English Teacher.docx,"Primary English Teacher

Position Title: Facilitator for fREADom Live Classes
Department: fREADom Mobile App
Working with: Consumer App Team
Location: comfort of your own home!

About Stones2Milestones
Stones2Milestones is on a mission to 'Create a Nation of Readers', gifting children the will and skill to read in English. We have created India’s most premier reading program for children of ages 3-9 and are currently impacting over 200,000 children in 110 schools across 50+ cities.
A significant part of this reading program is the fREADom mobile app. The award-winning app, which parents and children use at home to bond over reading, has over 1500 stories, activities and news pieces for children to read and enjoy.
The team believes that by helping children to 'Learn to Read' in elementary years, they enable them to 'Read to Learn' during formal education and eventually 'Read to Lead' in their chosen paths, helping them find their place in the world. Today, we are leveraging our technology platforms to grow our mission across three axes- age, geography and stakeholders.
Position, Purpose and Key Responsibilities:
We are looking to bring into our fold an incredible teacher/facilitator to conduct online classes for children of ages 6-10. These classes will be on topics related to phonics, vocabulary, comprehension, conversational English, storytelling and writing. They will be conducted via a video calling technology interface. Each class will be 45-60 minutes long. All the material you need to conduct the class will be provided.
This is a monthly retainership role. You will not be a full time employee of the company unless offered otherwise. The classes will happen between 3 pm - 8 pm.
Key Responsibilities:

Conducting excellent and engaging live classes for children:

Conducting a minimum of 12 classes a week and maximum of 20 classes in a week in a way that children are able to meet their learning outcomes.

Improving constantly:

Working relentlessly to improve the children’s class experience and own knowledge of facilitation, pedagogy and technology. Accept feedback and give the Stones2Milestones team constructive feedback on the classes, topic flow and resources as well.

Adhering to administrative needs for all classes:

Ensuring marking of attendance, correction of children’s homework and keeping all documentation up to date.
Necessary prerequisites - skills

Excellent communicative and written English

Teaching experience (online or in a classroom)

Ease of using or ability to learn and grasp technology like email, Google Slides and Google Sheets

Necessary prerequisites - technology

Strong, fully functioning and hi-speed Internet connection

A good laptop or tablet, functioning webcam, good speaker

A good smartphone

Remuneration:
(A) Skills, abilities and attitudes:

Support of a great network of facilitators

Opportunities for pedagogical development

Ability to spend time with children who love and adore you, look forward to pleasing you

(b) Monetary:

2 classes/day - 11k/month

3 classes/day - 17k/month

Job Types: Full-time, Contract

Experience:

work: 1 year (Preferred)

total work: 1 year (Preferred)

Education:

Bachelor's (Preferred)",primary English teacher Position Title Facilitator fREADom Live Classes Department fREADom Mobile App Working Consumer App Team Location comfort home Stones2Milestones Stones2Milestones mission Create Nation reader gift child skill read English create Indias premier reading program child age currently impact child school city significant part read program fREADom mobile app awardwinne app parent child use home bond reading story activity news piece child read enjoy team believe help child Learn Read elementary year enable Read Learn formal education eventually Read Lead choose path find place world today leverage technology platform grow mission axis age geography stakeholder Position Purpose Key responsibility bring fold incredible teacherfacilitator conduct online class child age class topic relate phonic vocabulary comprehension conversational english storytelling writing conduct video call technology interface class minute long material need conduct class provide monthly retainership role full time employee company offer otherwise class happen pm pm Key Responsibilities conduct excellent engage live class child conduct minimum class week maximum class week way child able learn outcome improve constantly Working relentlessly improve children class experience knowledge facilitation pedagogy technology accept feedback give stones2milestone team constructive feedback class topic flow resource well adhere administrative need class ensure mark attendance correction children homework keep documentation date necessary prerequisite skill excellent communicative write English Teaching experience online classroom Ease use ability learn grasp technology email Google Slides Google Sheets necessary prerequisite technology Strong fully function hispeed internet connection good laptop tablet function webcam good speaker good smartphone Remuneration A Skills ability attitude support great network facilitator Opportunities pedagogical development Ability spend time child love adore look forward pleasing Monetary classesday 11kmonth classesday Job Types Fulltime Contract Experience work year preferred total work year Preferred Education Bachelors prefer,Remuneration Responsibilities fREADom story great today able Google part class Nation function documentation adore flow good need week Opportunities pm preferred vocabulary leverage Teaching network Experience Preferred homework improve geography reading prerequisite interface Classes year responsibility eventually well believe child internet help Title comfort relentlessly 11kmonth parent impact write news create keep constructive technology Ability conduct Stones2Milestones grasp knowledge speaker way Strong Fulltime Monetary teacherfacilitator conversational attitude primary smartphone mobile Ease Learn bring give Working find date otherwise Mobile elementary city feedback gift A minute accept resource stakeholder choose forward minimum Facilitator communicative classesday Contract company time formal video long classroom laptop hispeed school Education axis learn premier mission significant live Live ability Create pleasing phonic comprehension webcam Read education monthly engage place prefer reader storytelling piece pedagogy Position role relate Skills Team Purpose Sheets incredible English excellent support currently Key attendance home call necessary material pedagogical facilitation ensure connection full Department fully Indias provide path experience retainership Consumer use outcome read tablet happen platform adhere Job Location writing employee online mark skill awardwinne team english activity Bachelors look program age Types work Slides constantly enjoy app administrative facilitator development teacher stones2milestone total enable world email maximum love topic App children grow correction Lead bond spend offer fold,Remuneration fREADom story today Google part class Nation function documentation adore flow need week leverage Teaching network Experience homework geography reading prerequisite interface year responsibility child internet help Title comfort parent impact news create technology Ability conduct knowledge speaker way Strong Fulltime Monetary teacherfacilitator attitude smartphone mobile Ease Learn Working date Mobile city feedback gift minute resource stakeholder Facilitator classesday Contract company time video classroom laptop school Education axis premier mission ability phonic comprehension webcam Read education engage place reader piece pedagogy Position role Skills Team Purpose Sheets support attendance home facilitation connection Department Indias path experience retainership Consumer use outcome read tablet platform Job Location employee mark skill awardwinne team english activity program age Types Slides app facilitator development teacher stones2milestone world email love topic App correction Lead bond spend fold,11kmonth ability able accept activity adhere administrative adore age app attendance attitude awardwinne axis bachelors believe bond bring call child children choose city class classes classesday classroom comfort communicative company comprehension conduct connection constantly constructive consumer contract conversational correction create currently date department development documentation ease education elementary email employee enable engage english enjoy ensure eventually excellent experience facilitation facilitator feedback find flow fold formal forward freadom full fulltime fully function geography gift give good google grasp great grow happen help hispeed home homework impact improve incredible indias interface internet job keep key knowledge laptop lead learn leverage live location long look love mark material maximum minimum minute mission mobile monetary monthly nation necessary need network news offer online opportunities otherwise outcome parent part path pedagogical pedagogy phonic piece place platform pleasing pm position prefer preferred premier prerequisite primary program provide purpose read reader reading relate relentlessly remuneration resource responsibilities responsibility retainership role school sheets significant skill skills slides smartphone speaker spend stakeholder stones2milestone stones2milestones story storytelling strong support tablet teacher teacherfacilitator teaching team technology time title today topic total types use video vocabulary way webcam week well work working world write writing year
Revenue Reporting Data Analyst.docx,"Revenue Reporting Data Analyst, Business Finance Accounting



Minimum qualifications:



Bachelor's degree in Accounting, Finance, Business, Engineering or Data Science or equivalent practical experience.

4 years of relevant work experience.

Database experience including SQL coding across standard commercial databases or equivalent in other programming languages.

Experience with standard finance systems (e.g. Oracle, Hyperion, OBIEE, SAP) and core finance processes.

Preferred qualifications:



Experience driving operational process improvement.

Experience developing and analyzing large, complex data sets and converting them into information/insights that drive business decisions at all levels of the organization.

Ability to multi-task and apply initiative and creativity on challenging projects.

Distinctive problem-solving and analytical skills combined with strong business acumen.

Exemplary customer service and tactful communication skills, both spoken and written.

Exceptional analytical and technical problem solving skills.

About the job

Analysts on the Business Finance and Accounting Systems team collaborate with multiple teams to ensure that we have robust, scalable data and reporting processes to support our business partners to deliver on internal and external data requests.



As a Revenue Reporting Data Analyst, you will be focused on executing on internal and external data and reporting requests, including implementing opportunities to optimize our reporting data infrastructure. You will work well with other teams, provide outstanding customer service, deliver on deadlines, and produce flawless work. This role will partner with our Accounting Operations, Tax, External Reporting and Legal teams to provide timely data to manage financial risk, educate users on Google’s revenue data sets and drive efficiency improvements, ensuring that partners can adhere to regulatory requirements. You will also work closely with these teams to develop scalable data solutions for accounting and reporting processes.



Responsibilities

Work with cross-functional departments on reporting data and system initiatives.

Utilize SQL coding to provide financial data for internal and external financial reporting.

Critically evaluate data gathered from multiple sources, identify gaps, reconcile conflicts and decompose high-level information into details to drive decision-making.

Partner with internal teams to define and implement data solutions that improve accounting and reporting processes and architect innovative data solutions to automate and scale revenue reporting.

Maintain highest levels of development practices including technical design, solution development, systems configuration, test documentation/execution, issue identification and resolution, and writing clean, modular and self-sustaining code.",revenue Reporting Data Analyst Business Finance Accounting Minimum qualification Bachelors degree Accounting Finance Business Engineering Data Science equivalent practical experience year relevant work experience Database experience include SQL code standard commercial database equivalent programming language experience standard finance systems eg Oracle Hyperion OBIEE SAP core finance process preferred qualification experience drive operational process improvement experience develop analyze large complex data set convert informationinsight drive business decision level organization Ability multitask apply initiative creativity challenge project distinctive problemsolve analytical skill combine strong business acuman exemplary customer service tactful communication skill speak write Exceptional analytical technical problem solve skill job Analysts Business Finance Accounting Systems team collaborate multiple team ensure robust scalable datum reporting process support business partner deliver internal external datum request Revenue Reporting Data Analyst focus execute internal external datum reporting request include implement opportunity optimize report datum infrastructure work well team provide outstanding customer service deliver deadline produce flawless work role partner Accounting Operations Tax External report legal team provide timely datum manage financial risk educate user Googles revenue data set drive efficiency improvement ensure partner adhere regulatory requirement also work closely team develop scalable data solution accounting reporting process Responsibilities work crossfunctional department report datum system initiative Utilize SQL coding provide financial datum internal external financial reporting critically evaluate datum gather multiple source identify gap reconcile conflict decompose highlevel information detail drive decisionmake Partner internal team define implement data solution improve accounting reporting process architect innovative data solution automate scale revenue report maintain high level development practice include technical design solution development system configuration test documentationexecution issue identification resolution write clean modular selfsustaine code,Utilize Responsibilities standard technical gap issue Accounting source evaluate system design documentationexecution infrastructure information analyze coding datum deliver innovative efficiency outstanding collaborate preferred Business scalable Reporting Exceptional improve practice implement strong report manage year relevant well commercial test request legal configuration revenue Revenue eg scale write problemsolve regulatory service organization Ability initiative Minimum flawless solution External resolution tactful decisionmake Analyst gather core Data database SAP qualification architect degree robust focus internal Hyperion exemplary highlevel Finance conflict communication code produce apply reconcile external risk Engineering opportunity informationinsight maintain requirement also define finance Science Partner language complex analytical customer Analysts solve crossfunctional identify drive job speak include level financial clean data process user Googles reporting role develop distinctive convert multitask support detail challenge decision Oracle optimize automate high ensure department deadline Systems practical provide multiple set decompose operational experience acuman accounting closely selfsustaine adhere identification skill systems SQL team creativity Bachelors problem work programming business execute Operations Tax Database development partner educate combine large project modular timely equivalent OBIEE critically improvement,Utilize gap issue Accounting source system design documentationexecution infrastructure information datum efficiency collaborate Business improve practice report manage year test configuration revenue Revenue eg scale write problemsolve service organization Ability initiative flawless solution External resolution decisionmake Analyst core Data database SAP qualification architect degree focus Hyperion highlevel Finance conflict communication code produce risk Engineering opportunity maintain requirement finance Science Partner language customer identify drive job speak level data process user Googles role convert multitask support detail challenge decision Oracle optimize automate ensure department deadline experience acuman adhere identification skill SQL team creativity problem work programming business execute Tax Database development partner educate project modular OBIEE,ability accounting acuman adhere also analyst analysts analytical analyze apply architect automate bachelors business challenge clean closely code coding collaborate combine commercial communication complex configuration conflict convert core creativity critically crossfunctional customer data database datum deadline decision decisionmake decompose define degree deliver department design detail develop development distinctive documentationexecution drive educate efficiency eg engineering ensure equivalent evaluate exceptional execute exemplary experience external finance financial flawless focus gap gather googles high highlevel hyperion identification identify implement improve improvement include information informationinsight infrastructure initiative innovative internal issue job language large legal level maintain manage minimum modular multiple multitask obiee operational operations opportunity optimize oracle organization outstanding partner practical practice preferred problem problemsolve process produce programming project provide qualification reconcile regulatory relevant report reporting request requirement resolution responsibilities revenue risk robust role sap scalable scale science selfsustaine service set skill solution solve source speak sql standard strong support system systems tactful tax team technical test timely user utilize well work write year
Senior Product Manager.docx,"Senior Product Manager, Hardware Enablement, Chrome OS Platform

Minimum qualifications:

Bachelor's degree in Computer Science, related technical field or equivalent practical experience.

5 years of product management experience leading consumer electronics/hardware products.

Experience working with SoC manufacturers and/or consumer electronics OEMs.

Experience managing a team of product managers.

Preferred qualifications:

8 years of product management experience leading consumer electronics/hardware from inception to large scale user adoption.

2 years of experience working with computer or mobile SoC manufacturers.

Experience managing day-to-day technical and design direction.

Knowledge of multiple functional areas such as Product Management, Engineering, UX/UI, Sales, Customer Support, Finance or Marketing.

About the job

In this role, you will lead a global team of product managers focused on strategy and execution for reference designs which enable an ecosystem of Chrome OS devices. As the team leader of platform hardware enablement, you will partner closely with hardware and software engineering teams and business leaders internally at Google as well as externally with key partners: SoC manufacturers, ODMs, and OEMs.

In addition to device bring-up, you will own a holistic strategy and roadmap for Chrome OS, focusing on our ecosystem scaling initiatives as well as initiatives to reduce device bring-up time and accelerate time-to-market. These important initiatives will enable more users to be able to enjoy the speed, security, smarts, and simplicity of the Chrome OS operating system across education, consumer, and enterprise markets.

Google aims to build products that organize the world's information and make it universally accessible to our users. As a Product Manager at Google, you could be working on new technologies, platforms, consumer facing products, and/or enterprise systems. The end goal will be to match you with the team that best aligns with your interests, experience, and where you will have the most impact.

Responsibilities

Lead a global team of product managers in designing and executing on a roadmap of hardware reference designs for Chrome OS devices, combining deep technical expertise, business and market understanding, and strategic thinking.

Partner with engineering teams and executives at SoC partners, ODMs, and OEMs to launch Chrome OS devices, aligned to market needs and timing.

Work collaboratively with engineering teams and peer platform product management teams globally.

Own hardware ecosystem scaling initiatives to advance and grow the Chrome OS ecosystem.

Define and own a holistic strategy and roadmap for Chrome OS and partner with SoC providers to plan and incorporate long-term architectural technologies.",senior Product Manager Hardware Enablement Chrome os platform Minimum qualification Bachelors degree Computer Science relate technical field equivalent practical experience year product management experience lead consumer electronicshardware product experience work SoC manufacturer andor consumer electronic OEMs experience manage team product manager preferred qualification year product management experience lead consumer electronicshardware inception large scale user adoption year experience work computer mobile SoC manufacturer experience manage daytoday technical design direction Knowledge multiple functional area Product Management Engineering UXUI Sales Customer Support Finance Marketing job role lead global team product manager focus strategy execution reference design enable ecosystem Chrome OS device team leader platform hardware enablement partner closely hardware software engineering team business leader internally Google externally key partner SoC manufacturer ODMs OEMs addition device bringup holistic strategy roadmap Chrome os focus ecosystem scale initiative well initiative reduce device bringup time accelerate timetomarket important initiative enable user able speed security smart simplicity Chrome os operating system education consumer enterprise market Google aim build product organize world information make universally accessible user Product Manager Google work new technology platform consumer face product andor enterprise system end goal match team good align interest experience impact responsibility lead global team product manager design execute roadmap hardware reference design Chrome OS device combine deep technical expertise business market understand strategic thinking Partner engineering team executive soc partner odm oem launch Chrome os device align market need time Work collaboratively engineer team peer platform product management team globally own hardware ecosystem scale initiative advance grow Chrome OS ecosystem define holistic strategy roadmap Chrome OS partner SoC provider plan incorporate longterm architectural technology,manager technical timetomarket Manager Google Product UXUI able design system incorporate hardware match expertise information good adoption need preferred global Sales key consumer manage year electronicshardware responsibility Work well interest impact scale Support bringup reference plan technology initiative Minimum engineering Customer architectural execution engineer organize own collaboratively strategic mobile ecosystem aim Chrome qualification lead accessible deep Hardware degree important focus os Finance time management ODMs Engineering functional security executive soc device face field understand define Science Computer Partner direction software SoC OEMs speed education job peer longterm align goal odm user OS role relate andor launch thinking market Marketing smart enterprise globally product new holistic addition practical multiple universally inception enablement oem experience Management closely platform Knowledge reduce accelerate team Bachelors work strategy business computer execute provider simplicity externally partner enable world combine large operating advance roadmap senior Enablement grow manufacturer equivalent area daytoday internally make end leader build electronic,manager timetomarket Manager Google Product design system hardware match expertise information adoption consumer manage year electronicshardware responsibility Work interest impact scale Support bringup reference plan technology initiative Minimum engineering Customer execution engineer ecosystem Chrome qualification lead Hardware degree focus Finance time management Engineering security executive soc device face field define Science Computer Partner direction software SoC OEMs speed education job peer align goal odm user OS role launch thinking market Marketing enterprise addition multiple inception enablement oem experience Management Knowledge reduce accelerate team strategy business computer execute provider simplicity partner enable world advance roadmap Enablement manufacturer area daytoday end leader,able accelerate accessible addition adoption advance aim align andor architectural area bachelors bringup build business chrome closely collaboratively combine computer consumer customer daytoday deep define degree design device direction ecosystem education electronic electronicshardware enable enablement end engineer engineering enterprise equivalent execute execution executive experience expertise externally face field finance focus functional global globally goal good google grow hardware holistic impact important inception incorporate information initiative interest internally job key knowledge large launch lead leader longterm make manage management manager manufacturer market marketing match minimum mobile multiple need new odm odms oem oems operating organize os own partner peer plan platform practical preferred product provider qualification reduce reference relate responsibility roadmap role sales scale science security senior simplicity smart soc software speed strategic strategy support system team technical technology thinking time timetomarket understand universally user uxui well work world year
Senior Software Developer.docx,"Senior Software Developer

Senior Software Engineer will develop information systems by studying operations; designing, developing and installing software solutions; support and develop software team. The Senior Software Engineer will lead a team of developers responsible for building new and support existing websites.

Ability to prioritize well, communicate clearly, have a consistent track record of delivery and excellent software engineering skills. Creative engineering balanced with high quality and a customer focus. Must be able to work across multiple facets of the project and juggle multiple responsibilities at the same time. Strong analytic capability and the ability to create innovative solutions. We are looking for a highly motivated individual who is looking to grow their career in a fast-paced environment.

· Analytical problem solving

· Ability to manage projects to successful completion, multi-task, and work within tight deadlines

· Proactive at work

· At least 3+ years industry experience in PHP, Core PHP, Laravel and Angular

· Experience in enterprise application, application logic, library architecture

· Expertise in Data Structures and algorithms

· Familiar with various design and architectural patterns

· Knack for writing clean, readable code

· Should know how to lead the team.
Fairly Good Communication Skill, Expertise in Core PHP and experience in Code Igniter framework

Job Type: Full-time

Salary: ₹30,000.00 - ₹70,000.00 per month

Experience:

Wordpress: 3 years (Preferred)

PHP: 3 years (Preferred)

total work: 3 years (Preferred)

Education:

Bachelor's (Preferred)

Work Remotely:

No",Senior Software Developer Senior Software Engineer develop information system study operation design develop instal software solution support develop software team Senior Software Engineer lead team developer responsible build new support exist website ability well communicate clearly consistent track record delivery excellent software engineering skill creative engineering balance high quality customer focus able work multiple facet project juggle multiple responsibility time strong analytic capability ability create innovative solution look highly motivated individual looking grow career fastpace environment Analytical problem solve ability manage project successful completion multitask work tight deadline proactive work at least year industry experience PHP Core PHP Laravel Angular Experience enterprise application application logic library architecture Expertise Data Structures algorithm familiar various design architectural pattern Knack write clean readable code know lead team fairly Good Communication Skill Expertise Core PHP experience Code Igniter framework Job Type Fulltime Salary month experience wordpress year preferred PHP year preferred total work year Preferred Education Bachelors Preferred Work remotely no,facet able Laravel consistent design system responsible environment pattern various information looking innovative PHP communicate preferred Code Experience Preferred Communication strong manage year responsibility motivated at Work well juggle delivery instal logic write create Good successful fastpace wordpress engineering developer operation architectural solution capability career Core Fulltime analytic Software Data lead proactive Type focus highly individual no know architecture time code fairly Senior Education balance software ability Knack customer solve clean Salary Engineer month develop algorithm excellent support multitask clearly enterprise new high creative exist record framework deadline Skill Structures multiple familiar tight experience Developer Igniter Expertise Job study completion application library skill team Bachelors look problem website work track remotely least total project readable Analytical grow Angular industry build quality,facet Laravel design system environment information PHP Code Experience Preferred Communication manage year responsibility Work juggle delivery logic write fastpace engineering developer operation solution capability career Core Fulltime Software Data Type focus architecture time code Senior Education balance software ability Knack customer Salary Engineer month algorithm support multitask exist record framework deadline Skill Structures experience Developer Igniter Expertise Job study completion application library skill team problem website work track project Analytical industry quality,ability able algorithm analytic analytical angular application architectural architecture at bachelors balance build capability career clean clearly code communicate communication completion consistent core create creative customer data deadline delivery design develop developer education engineer engineering enterprise environment excellent exist experience expertise facet fairly familiar fastpace focus framework fulltime good grow high highly igniter individual industry information innovative instal job juggle knack know laravel lead least library logic look looking manage month motivated multiple multitask new no operation pattern php preferred proactive problem project quality readable record remotely responsibility responsible salary senior skill software solution solve strong structures study successful support system team tight time total track type various website well wordpress work write year
Web Developer.docx,"Web Developer

We are looking for an outstanding Web Developer to be responsible for the coding, innovative design and layout of client websites. Web developer responsibilities include building our website from concept all the way to completion from the bottom up, fashioning everything from the home page to site layout and function.

Most of the web development work will be via CMS using Drupal & Wordpress
Responsibilities

Write well designed, testable, efficient code by using best software development practices

Create website layout/user interface by using standard HTML/CSS practices

Integrate data from various back-end services and databases

Gather and refine specifications and requirements based on technical needs

Create and maintain software documentation

Be responsible for maintaining, expanding, and scaling our site

Stay plugged into emerging technologies/industry trends and apply them into operations and activities

Cooperate with designers to match visual design intent

Requirements

Proven working experience in web programming

Top-notch programming skills and in-depth knowledge of modern HTML/CSS, Javascript and PHP

A solid understanding of how web applications work including security, session management, and best development practices

Adequate knowledge of relational database systems, Object Oriented Programming and web application development

Hands-on experience with website performance optimization

Knowledge of Search Engine Optimization process

Ability to work and thrive in a fast-paced environment, learn rapidly and master diverse web technologies and techniques.

BS in computer science or a related field

Application Deadline: 18/9/2020

Job Type: Full-time

Salary: ₹25,000.00 - ₹50,000.00 per month

Experience:

Web Development: 1 year (Required)

total work: 2 years (Required)

CSS: 1 year (Required)

Education:

Bachelor's (Preferred)

Programming Languages needed:

HTML (Required)

CSS (Required)

PHP (Required)

JavaScript (Required)",web Developer look outstanding web Developer responsible code innovative design layout client website web developer responsibility include build website concept way completion bottom fashion home page site layout function Most web development work CMS use Drupal Wordpress Responsibilities write well design testable efficient code use good software development practice create website layoutuser interface use standard HTMLCSS practice integrate datum various backend service database Gather refine specification requirement base technical need create maintain software documentation responsible maintain expand scale site stay plug emerge technologiesindustry trend apply operation activity Cooperate designer match visual design intent Requirements proven work experience web programming topnotch programming skill indepth knowledge modern HTMLCSS Javascript PHP solid understanding web application work include security session management good development practice adequate knowledge relational database system object Oriented Programming web application development Handson experience website performance optimization Knowledge Search Engine Optimization process ability work thrive fastpaced environment learn rapidly master diverse web technology technique bs computer science relate field Application Deadline Job Type Fulltime Salary month Experience Web Development year require total work year require css year Required Education Bachelors Preferred Programming Languages need HTML Required css Required PHP Required JavaScript require,thrive Responsibilities standard technical science expand Required HTML design system function responsible environment match various master documentation good innovative datum need outstanding PHP intent fashion refine relational Experience Preferred practice interface year Optimization responsibility Programming well bs Javascript specification indepth scale write Drupal create service technology web developer operation optimization knowledge way topnotch Fulltime layoutuser database performance Type client Cooperate page Languages Gather code apply management maintain Education requirement adequate learn security proven Application rapidly field software diverse ability integrate trend css emerge base fastpaced testable visual include Salary stay process Handson bottom object concept technique relate month technologiesindustry JavaScript Search plug home Oriented Web session require efficient experience Developer solid use Most Knowledge modern Job completion application skill activity Bachelors look layout website work programming computer designer HTMLCSS Deadline development Development total Requirements understanding Engine backend CMS site build Wordpress,science expand Required HTML design system function environment master documentation datum need PHP intent fashion Experience Preferred practice interface year Optimization responsibility Programming bs Javascript specification scale Drupal service technology web developer operation optimization knowledge way Fulltime layoutuser database performance Type client Cooperate page Languages Gather code management Education requirement security Application field software ability trend emerge base visual Salary stay process Handson object concept technique relate month technologiesindustry JavaScript Search Web session experience Developer Knowledge Job completion application skill activity website work programming computer designer HTMLCSS Deadline development Development Engine backend CMS site Wordpress,ability activity adequate application apply bachelors backend base bottom bs build client cms code completion computer concept cooperate create css database datum deadline design designer developer development diverse documentation drupal education efficient emerge engine environment expand experience fashion fastpaced field fulltime function gather good handson home html htmlcss include indepth innovative integrate intent interface javascript job knowledge languages layout layoutuser learn look maintain management master match modern month most need object operation optimization oriented outstanding page performance php plug practice preferred process programming proven rapidly refine relate relational require required requirement requirements responsibilities responsibility responsible salary scale science search security service session site skill software solid specification standard stay system technical technique technologiesindustry technology testable thrive topnotch total trend type understanding use various visual way web website well wordpress work write year
Web_dev_job.docx,"The position holder will be responsible for creation and implementation of a wide variety of Web-based products using PHP, JavaScript, MySQL and AJAX.



Key Responsibility Areas:



Create, design and modify websites to suit the requirements of a client.

PHP Developers need to have a thorough knowledge of developing cross platforms that are compatible with Web, mobile Web applications.

Sound knowledge & working experience on PHP & shall be hands on database and programming experience.

Additional skill-sets of OOPS concept, PHP, LAMP technologies, XML, HTML, CSS, Javascript, JQuery, Ajax.

Good understanding of Oracle PL/SQL

Relevant software architecture, software development, and software testing experience

Should have ability to work as a team with business owner, developers, designers & testers.

Qulification:



B. Tech with minimum 60%

10th and 12th with minimum 75%

Experience:



1 -3 years of PHP development experience.

Skill Sets/ Requirements:



Experience with PHP Programming on Open Source Tools.

Implementation of eCommerce Projects

Good command over AJAX & Database SQL programming.

Experience with PHP Programming on Open Source Tools

Knowledge of PHP, HTML5, CSS, Javascript, AJAX

Good Knowledge of object oriented programming

Knowledge in java script libraries (Jquery, Prototype)

Effective communication & comprehension skill

Understand Severity and Priority needs

Time Management

Quick decision making",position holder responsible creation implementation wide variety webbase product use PHP JavaScript MySQL AJAX Key Responsibility Areas create design modify website suit requirement client PHP Developers need thorough knowledge develop cross platform compatible web mobile web application sound knowledge working experience PHP hand database programming experience additional skillset concept PHP LAMP technology XML HTML css javascript JQuery Ajax good understanding Oracle PLSQL Relevant software architecture software development software testing experience ability work team business owner developer designer tester Qulification B Tech minimum 10th 12th minimum experience year PHP development experience Skill Sets Requirements experience PHP Programming Open Source Tools Implementation eCommerce Projects Good command AJAX Database SQL programming experience PHP Programming Open Source Tools Knowledge PHP HTML5 CSS Javascript AJAX Good Knowledge object orient programming Knowledge java script librarie Jquery Prototype effective communication comprehension skill Understand Severity Priority need Time Management Quick decision make,HTML design Source responsible good position JQuery 10th need PHP script holder suit orient java Responsibility Tech year Programming Javascript skillset effective javascript MySQL create Good technology Projects LAMP Severity web developer Sets Developers knowledge Open compatible modify mobile database B librarie Relevant client sound tester minimum architecture Areas Priority communication HTML5 Time requirement creation software ability Ajax css additional variety comprehension Qulification Tools PLSQL XML 12th AJAX object concept testing develop JavaScript cross command CSS webbase decision Oracle Key Prototype product eCommerce Understand Skill wide owner hand thorough working experience Management use Implementation platform Knowledge application skill team SQL website work programming business designer implementation Database development Jquery Requirements understanding make Quick,HTML design Source position JQuery 10th PHP script holder suit orient java Responsibility Tech year Programming Javascript javascript MySQL technology LAMP Severity web developer Open mobile database B Relevant client architecture Areas Priority communication HTML5 Time requirement creation software ability css variety comprehension Qulification PLSQL XML 12th AJAX object concept testing JavaScript cross command CSS webbase decision Oracle Key Prototype product eCommerce Understand Skill owner hand working experience Management Implementation platform Knowledge application skill team SQL website work programming business designer implementation Database development Jquery understanding Quick,10th 12th ability additional ajax application architecture areas business client command communication compatible comprehension concept create creation cross css database decision design designer develop developer developers development ecommerce effective experience good hand holder html html5 implementation java javascript jquery key knowledge lamp librarie make management minimum mobile modify mysql need object open oracle orient owner php platform plsql position priority product programming projects prototype quick qulification relevant requirement requirements responsibility responsible script sets severity skill skillset software sound source sql suit team tech technology tester testing thorough time tools understand understanding use variety web webbase website wide work working xml year
